42400,6714,1,T0,1,100,32.602
42498,6732,1,T0,1,100,32.591
42598,6750,1,T0,1,100,32.602
42700,6768,1,T0,1,100,32.618
42799,6786,1,T0,1,100,32.618
42900,6804,1,T0,1,100,32.644
43003,6822,1,T0,1,100,32.564
43103,6840,1,T0,1,100,32.585
43204,6859,1,T0,1,100,32.607
43304,6877,1,T0,1,100,32.634
43355,6895,2,T0,1,100,32.628
43406,6895,2,T0,1,100,32.628
43507,6913,1,T0,1,100,32.596
43609,6931,1,T0,1,100,32.602
43709,6949,1,T0,1,100,32.602
43811,6967,1,T0,1,100,32.596
43910,6986,1,T0,1,100,32.618
44011,7004,1,T0,1,100,32.596
44114,7022,1,T0,1,100,32.618
44213,7040,1,T0,1,100,32.634
44316,7058,1,T0,1,100,32.602
44416,7076,1,T0,1,100,32.644
44518,7094,1,T0,1,100,32.634
44617,7112,1,T0,1,100,32.612
44718,7131,1,T0,1,100,32.628
44821,7149,1,T0,1,100,32.650
44922,7167,1,T0,1,100,32.634
45021,7185,1,T0,1,100,32.612
45122,7203,1,T0,1,100,32.623
45225,7221,1,T0,1,100,32.639
45325,7239,1,T0,1,100,32.644
45427,7258,1,T0,1,100,32.612
45526,7276,1,T0,1,100,32.644
45627,7294,1,T0,1,100,32.650
45730,7312,1,T0,1,100,32.628
45829,7330,1,T0,1,100,32.655
45932,7348,1,T0,1,100,32.644
46032,7366,1,T0,1,100,32.661
46133,7384,1,T0,1,100,32.623
46233,7403,1,T0,1,100,32.639
46283,7421,2,T0,1,100,32.628
46334,7421,2,T0,1,100,32.602
46437,7439,1,T0,1,100,32.612
46536,7457,1,T0,1,100,32.644
46639,7475,1,T0,1,100,32.607
46739,7493,1,T0,1,100,32.655
46840,7511,1,T0,1,100,32.655
46940,7530,1,T0,1,100,32.661
47043,7548,1,T0,1,100,32.687
47143,7566,1,T0,1,100,32.677
47245,7584,1,T0,1,100,32.682
47344,7602,1,T0,1,100,32.639
47446,7620,1,T0,1,100,32.623
47548,7638,1,T0,1,100,32.612
47648,7657,1,T0,1,100,32.639
47749,7675,1,T0,1,100,32.655
47850,7693,1,T0,1,100,32.655
47931,7714,2,T0,1,100,32.661
48012,7714,2,T0,1,100,32.618
48110,7734,1,T0,1,100,32.644
48209,7752,1,T0,1,100,32.655
48311,7770,1,T0,1,100,32.639
48411,7789,1,T0,1,100,32.623
48513,7807,1,T0,1,100,32.644
48614,7825,1,T0,1,100,32.666
48715,7843,1,T0,1,100,32.634
48816,7861,1,T0,1,100,32.650
48918,7879,1,T0,1,100,32.655
49017,7897,1,T0,1,100,32.671
49118,7915,1,T0,1,100,32.677
49222,7934,1,T0,1,100,32.623
49321,7952,1,T0,1,100,32.671
49423,7970,1,T0,1,100,32.628
49522,7988,1,T0,1,100,32.687
49623,8006,1,T0,1,100,32.650
49726,8024,1,T0,1,100,32.639
49825,8042,1,T0,1,100,32.655
49927,8061,1,T0,1,100,32.666
50027,8079,1,T0,1,100,32.644
50129,8097,1,T0,1,100,32.655
50231,8115,1,T0,1,100,32.655
50332,8133,1,T0,1,100,32.661
50432,8151,1,T0,1,100,32.682
50533,8169,1,T0,1,100,32.650
50633,8188,1,T0,1,100,32.666
50734,8206,1,T0,1,100,32.682
50785,8224,2,T0,1,100,32.677
50837,8224,2,T0,1,100,32.634
50936,8242,1,T0,1,100,32.634
51039,8260,1,T0,1,100,32.671
51139,8278,1,T0,1,100,32.644
51241,8296,1,T0,1,100,32.639
51340,8314,1,T0,1,100,32.687
51441,8333,1,T0,1,100,32.682
51543,8351,1,T0,1,100,32.666
51644,8369,1,T0,1,100,32.666
51745,8387,1,T0,1,100,32.644
51847,8405,1,T0,1,100,32.661
51947,8423,1,T0,1,100,32.661
52047,8441,1,T0,1,100,32.677
52149,8460,1,T0,1,100,32.693
52249,8478,1,T0,1,100,32.661
52351,8496,1,T0,1,100,32.698
52453,8514,1,T0,1,100,32.682
52552,8532,1,T0,1,100,32.709
52655,8550,1,T0,1,100,32.666
52755,8568,1,T0,1,100,32.677
52857,8587,1,T0,1,100,32.687
52956,8605,1,T0,1,100,32.650
53057,8623,1,T0,1,100,32.671
53159,8641,1,T0,1,100,32.698
53260,8659,1,T0,1,100,32.666
53362,8677,1,T0,1,100,32.623
53462,8695,1,T0,1,100,32.671
53563,8713,1,T0,1,100,32.687
53663,8732,1,T0,1,100,32.682
53764,8750,1,T0,1,100,32.682
53815,8768,2,T0,1,100,32.698
53867,8768,2,T0,1,100,32.714
53968,8786,1,T0,1,100,32.703
54067,8804,1,T0,1,100,32.693
54168,8822,1,T0,1,100,32.693
54271,8840,1,T0,1,100,32.682
54370,8859,1,T0,1,100,32.682
54472,8877,1,T0,1,100,32.677
54572,8895,1,T0,1,100,32.677
54674,8913,1,T0,1,100,32.677
54777,8931,1,T0,1,100,32.693
54875,8949,1,T0,1,100,32.709
54978,8967,1,T0,1,100,32.682
55078,8985,1,T0,1,100,32.682
55180,9004,1,T0,1,100,32.693
55279,9022,1,T0,1,100,32.703
55380,9040,1,T0,1,100,32.693
55483,9058,1,T0,1,100,32.730
55583,9076,1,T0,1,100,32.709
55683,9094,1,T0,1,100,32.714
55786,9112,1,T0,1,100,32.698
55886,9131,1,T0,1,100,32.709
55986,9149,1,T0,1,100,32.709
56088,9167,1,T0,1,100,32.677
56188,9185,1,T0,1,100,32.677
56291,9203,1,T0,1,100,32.693
56391,9221,1,T0,1,100,32.709
56493,9239,1,T0,1,100,32.709
56592,9258,1,T0,1,100,32.741
56693,9276,1,T0,1,100,32.714
56744,9294,2,T0,1,100,32.709
56796,9294,2,T0,1,100,32.687
56896,9312,1,T0,1,100,32.709
56998,9330,1,T0,1,100,32.730
57097,9348,1,T0,1,100,32.730
57198,9366,1,T0,1,100,32.720
57301,9384,1,T0,1,100,32.693
57400,9403,1,T0,1,100,32.736
57502,9421,1,T0,1,100,32.720
57602,9439,1,T0,1,100,32.736
57703,9457,1,T0,1,100,32.693
57807,9475,1,T0,1,100,32.677
57907,9493,1,T0,1,100,32.736
58007,9511,1,T0,1,100,32.725
58108,9530,1,T0,1,100,32.714
58208,9548,1,T0,1,100,32.725
58309,9566,1,T0,1,100,32.730
58412,9584,1,T0,1,100,32.720
58512,9602,1,T0,1,100,32.773
58613,9620,1,T0,1,100,32.709
58713,9638,1,T0,1,100,32.698
58807,9660,2,T0,1,100,32.703
58902,9660,2,T0,1,100,32.703
59001,9679,1,T0,1,100,32.730
59102,9698,1,T0,1,100,32.736
59205,9716,1,T0,1,100,32.757
59305,9734,1,T0,1,100,32.741
59406,9752,1,T0,1,100,32.730
59506,9770,1,T0,1,100,32.714
59609,9789,1,T0,1,100,32.736
59711,9807,1,T0,1,100,32.730
59811,9825,1,T0,1,100,32.762
59910,9843,1,T0,1,100,32.784
60011,9861,1,T0,1,100,32.741
60114,9879,1,T0,1,100,32.736
60213,9897,1,T0,1,100,32.746
60264,9916,2,T0,1,100,32.725
60316,9916,2,T0,1,100,32.752
60416,9934,1,T0,1,100,32.720
60518,9952,1,T0,1,100,32.762
60617,9970,1,T0,1,100,32.730
60718,9988,1,T0,1,100,32.693
60821,10006,1,T0,1,100,32.730
60920,10024,1,T0,1,100,32.752
61022,10042,1,T0,1,100,32.784
61123,10061,1,T0,1,100,32.752
61225,10079,1,T0,1,100,32.752
61324,10097,1,T0,1,100,32.736
61425,10115,1,T0,1,100,32.725
61527,10133,1,T0,1,100,32.757
61628,10151,1,T0,1,100,32.746
61729,10169,1,T0,1,100,32.757
61831,10188,1,T0,1,100,32.768
61931,10206,1,T0,1,100,32.789
62031,10224,1,T0,1,100,32.778
62134,10242,1,T0,1,100,32.762
62234,10260,1,T0,1,100,32.837
62336,10278,1,T0,1,100,32.800
62435,10296,1,T0,1,100,32.805
62536,10314,1,T0,1,100,32.762
62639,10333,1,T0,1,100,32.789
62740,10351,1,T0,1,100,32.805
62841,10369,1,T0,1,100,32.811
62940,10387,1,T0,1,100,32.805
63041,10405,1,T0,1,100,32.773
63144,10423,1,T0,1,100,32.784
63243,10441,1,T0,1,100,32.816
63294,10460,2,T0,1,100,32.773
63346,10460,2,T0,1,100,32.805
63447,10478,1,T0,1,100,32.800
63547,10496,1,T0,1,100,32.816
63647,10514,1,T0,1,100,32.805
63750,10532,1,T0,1,100,32.762
63850,10550,1,T0,1,100,32.827
63951,10568,1,T0,1,100,32.800
64051,10587,1,T0,1,100,32.827
64154,10605,1,T0,1,100,32.800
64254,10623,1,T0,1,100,32.789
64354,10641,1,T0,1,100,32.837
64457,10659,1,T0,1,100,32.789
64556,10677,1,T0,1,100,32.800
64658,10695,1,T0,1,100,32.789
64758,10713,1,T0,1,100,32.789
64860,10732,1,T0,1,100,32.821
64962,10750,1,T0,1,100,32.837
65063,10768,1,T0,1,100,32.816
65163,10786,1,T0,1,100,32.848
65263,10804,1,T0,1,100,32.816
65366,10822,1,T0,1,100,32.843
65465,10840,1,T0,1,100,32.816
65567,10859,1,T0,1,100,32.805
65668,10877,1,T0,1,100,32.821
65770,10895,1,T0,1,100,32.805
65847,10913,2,T0,1,100,32.832
65925,10913,2,T0,1,100,32.789
66023,10931,1,T0,1,100,32.805
66125,10949,1,T0,1,100,32.805
66224,10967,1,T0,1,100,32.821
66325,10986,1,T0,1,100,32.805
66427,11004,1,T0,1,100,32.773
66527,11022,1,T0,1,100,32.811
66630,11040,1,T0,1,100,32.795
66730,11058,1,T0,1,100,32.816
66831,11076,1,T0,1,100,32.811
66931,11094,1,T0,1,100,32.768
67032,11113,1,T0,1,100,32.800
67134,11131,1,T0,1,100,32.773
67236,11149,1,T0,1,100,32.821
67337,11167,1,T0,1,100,32.800
67436,11185,1,T0,1,100,32.757
67539,11203,1,T0,1,100,32.816
67639,11221,1,T0,1,100,32.805
67740,11239,1,T0,1,100,32.778
67840,11258,1,T0,1,100,32.800
67891,11276,2,T0,1,100,32.805
67942,11276,2,T0,1,100,32.784
68044,11294,1,T0,1,100,32.800
68143,11312,1,T0,1,100,32.768
68246,11330,1,T0,1,100,32.800
68345,11348,1,T0,1,100,32.821
68447,11366,1,T0,1,100,32.757
68548,11385,1,T0,1,100,32.746
68650,11403,1,T0,1,100,32.827
68750,11421,1,T0,1,100,32.795
68851,11439,1,T0,1,100,32.757
68952,11457,1,T0,1,100,32.778
69053,11475,1,T0,1,100,32.757
69155,11493,1,T0,1,100,32.811
69254,11512,1,T0,1,100,32.757
69357,11530,1,T0,1,100,32.800
69457,11548,1,T0,1,100,32.778
69559,11566,1,T0,1,100,32.773
69658,11584,1,T0,1,100,32.741
69739,11605,2,T0,1,100,32.762
69820,11605,2,T0,1,100,32.768
69918,11625,1,T0,1,100,32.752
70018,11644,1,T0,1,100,32.768
70120,11662,1,T0,1,100,32.773
70222,11680,1,T0,1,100,32.778
70321,11698,1,T0,1,100,32.773
70424,11716,1,T0,1,100,32.757
70523,11734,1,T0,1,100,32.725
70625,11752,1,T0,1,100,32.778
70725,11770,1,T0,1,100,32.741
70828,11789,1,T0,1,100,32.768
70927,11807,1,T0,1,100,32.773
71029,11825,1,T0,1,100,32.784
71130,11843,1,T0,1,100,32.778
71232,11861,1,T0,1,100,32.752
71331,11879,1,T0,1,100,32.746
71432,11897,1,T0,1,100,32.773
71534,11916,1,T0,1,100,32.784
71635,11934,1,T0,1,100,32.762
71737,11952,1,T0,1,100,32.725
71837,11970,1,T0,1,100,32.762
71939,11988,1,T0,1,100,32.746
72039,12006,1,T0,1,100,32.762
72139,12024,1,T0,1,100,32.789
72241,12043,1,T0,1,100,32.741
72291,12061,2,T0,1,100,32.773
72342,12061,2,T0,1,100,32.773
72444,12079,1,T0,1,100,32.741
72543,12097,1,T0,1,100,32.752
72646,12115,1,T0,1,100,32.773
72746,12133,1,T0,1,100,32.720
72847,12151,1,T0,1,100,32.762
72949,12169,1,T0,1,100,32.784
73048,12188,1,T0,1,100,32.773
73150,12206,1,T0,1,100,32.795
73252,12224,1,T0,1,100,32.773
73353,12242,1,T0,1,100,32.784
73452,12260,1,T0,1,100,32.768
73554,12278,1,T0,1,100,32.736
73656,12296,1,T0,1,100,32.741
73755,12315,1,T0,1,100,32.730
73858,12333,1,T0,1,100,32.757
73959,12351,1,T0,1,100,32.784
74058,12369,1,T0,1,100,32.762
74159,12387,1,T0,1,100,32.752
74262,12405,1,T0,1,100,32.784
74362,12423,1,T0,1,100,32.762
74463,12441,1,T0,1,100,32.768
74563,12460,1,T0,1,100,32.757
74665,12478,1,T0,1,100,32.736
74768,12496,1,T0,1,100,32.768
74866,12514,1,T0,1,100,32.741
74968,12532,1,T0,1,100,32.773
75068,12550,1,T0,1,100,32.811
75170,12568,1,T0,1,100,32.778
75272,12587,1,T0,1,100,32.778
75371,12605,1,T0,1,100,32.741
75422,12623,2,T0,1,100,32.762
75474,12623,2,T0,1,100,32.762
75574,12641,1,T0,1,100,32.778
75674,12659,1,T0,1,100,32.768
75777,12677,1,T0,1,100,32.789
75878,12695,1,T0,1,100,32.784
75977,12714,1,T0,1,100,32.805
76079,12732,1,T0,1,100,32.768
76179,12750,1,T0,1,100,32.746
76283,12768,1,T0,1,100,32.768
76381,12786,1,T0,1,100,32.746
76483,12804,1,T0,1,100,32.800
76585,12822,1,T0,1,100,32.773
76685,12840,1,T0,1,100,32.746
76786,12859,1,T0,1,100,32.795
76886,12877,1,T0,1,100,32.757
76989,12895,1,T0,1,100,32.768
77088,12913,1,T0,1,100,32.757
77189,12931,1,T0,1,100,32.778
77292,12949,1,T0,1,100,32.795
77392,12967,1,T0,1,100,32.746
77493,12986,1,T0,1,100,32.800
77593,13004,1,T0,1,100,32.784
77694,13022,1,T0,1,100,32.784
77797,13040,1,T0,1,100,32.795
77898,13058,1,T0,1,100,32.789
77997,13076,1,T0,1,100,32.773
78098,13094,1,T0,1,100,32.795
78201,13113,1,T0,1,100,32.789
78300,13131,1,T0,1,100,32.778
78351,13149,2,T0,1,100,32.795
78403,13149,2,T0,1,100,32.778
78503,13167,1,T0,1,100,32.789
78604,13185,1,T0,1,100,32.773
78704,13203,1,T0,1,100,32.795
78806,13221,1,T0,1,100,32.757
78908,13239,1,T0,1,100,32.816
79008,13258,1,T0,1,100,32.768
79109,13276,1,T0,1,100,32.789
79210,13294,1,T0,1,100,32.757
79313,13312,1,T0,1,100,32.816
79411,13330,1,T0,1,100,32.827
79514,13348,1,T0,1,100,32.789
79614,13366,1,T0,1,100,32.789
79716,13385,1,T0,1,100,32.789
79815,13403,1,T0,1,100,32.821
79916,13421,1,T0,1,100,32.784
80019,13439,1,T0,1,100,32.811
80119,13457,1,T0,1,100,32.778
80220,13475,1,T0,1,100,32.773
80321,13493,1,T0,1,100,32.773
80423,13511,1,T0,1,100,32.805
80523,13530,1,T0,1,100,32.821
80616,13551,2,T0,1,100,32.821
80710,13551,2,T0,1,100,32.768
80806,13571,1,T0,1,100,32.757
80906,13589,1,T0,1,100,32.778
81009,13607,1,T0,1,100,32.784
81108,13625,1,T0,1,100,32.816
81209,13644,1,T0,1,100,32.795
81311,13662,1,T0,1,100,32.784
81412,13680,1,T0,1,100,32.811
81513,13698,1,T0,1,100,32.784
81615,13716,1,T0,1,100,32.784
81715,13734,1,T0,1,100,32.795
81815,13752,1,T0,1,100,32.837
81917,13770,1,T0,1,100,32.821
81967,13789,2,T0,1,100,32.784
82018,13789,2,T0,1,100,32.795
82120,13807,1,T0,1,100,32.827
82220,13825,1,T0,1,100,32.811
82320,13843,1,T0,1,100,32.795
82422,13861,1,T0,1,100,32.816
82523,13879,1,T0,1,100,32.827
82624,13897,1,T0,1,100,32.784
82724,13916,1,T0,1,100,32.837
82825,13934,1,T0,1,100,32.832
82927,13952,1,T0,1,100,32.773
83029,13970,1,T0,1,100,32.816
83130,13988,1,T0,1,100,32.789
83230,14006,1,T0,1,100,32.805
83331,14024,1,T0,1,100,32.859
83431,14043,1,T0,1,100,32.816
83532,14061,1,T0,1,100,32.784
83635,14079,1,T0,1,100,32.800
83735,14097,1,T0,1,100,32.795
83836,14115,1,T0,1,100,32.757
83937,14133,1,T0,1,100,32.837
84037,14151,1,T0,1,100,32.821
84138,14169,1,T0,1,100,32.827
84241,14188,1,T0,1,100,32.832
84340,14206,1,T0,1,100,32.864
84443,14224,1,T0,1,100,32.811
84542,14242,1,T0,1,100,32.827
84644,14260,1,T0,1,100,32.821
84746,14278,1,T0,1,100,32.827
84846,14296,1,T0,1,100,32.854
84947,14315,1,T0,1,100,32.832
85047,14333,1,T0,1,100,32.800
85148,14351,1,T0,1,100,32.827
85199,14369,2,T0,1,100,32.837
85251,14369,2,T0,1,100,32.816
85351,14387,1,T0,1,100,32.854
85451,14405,1,T0,1,100,32.880
85554,14423,1,T0,1,100,32.859
85653,14442,1,T0,1,100,32.859
85754,14460,1,T0,1,100,32.843
85856,14478,1,T0,1,100,32.848
85956,14496,1,T0,1,100,32.816
86059,14514,1,T0,1,100,32.843
86159,14532,1,T0,1,100,32.827
86261,14550,1,T0,1,100,32.843
86360,14568,1,T0,1,100,32.789
86461,14587,1,T0,1,100,32.848
86564,14605,1,T0,1,100,32.837
86664,14623,1,T0,1,100,32.843
86766,14641,1,T0,1,100,32.859
86865,14659,1,T0,1,100,32.864
86967,14677,1,T0,1,100,32.886
87069,14695,1,T0,1,100,32.854
87168,14714,1,T0,1,100,32.870
87270,14732,1,T0,1,100,32.870
87370,14750,1,T0,1,100,32.832
87472,14768,1,T0,1,100,32.854
87574,14786,1,T0,1,100,32.843
87675,14804,1,T0,1,100,32.859
87775,14822,1,T0,1,100,32.891
87876,14840,1,T0,1,100,32.891
87976,14859,1,T0,1,100,32.886
88077,14877,1,T0,1,100,32.891
88128,14895,2,T0,1,100,32.891
88180,14895,2,T0,1,100,32.896
88279,14913,1,T0,1,100,32.843
88382,14931,1,T0,1,100,32.864
88481,14949,1,T0,1,100,32.896
88583,14967,1,T0,1,100,32.848
88683,14986,1,T0,1,100,32.859
88784,15004,1,T0,1,100,32.859
88886,15022,1,T0,1,100,32.870
88988,15040,1,T0,1,100,32.859
89088,15058,1,T0,1,100,32.875
89189,15076,1,T0,1,100,32.864
89291,15094,1,T0,1,100,32.875
89391,15113,1,T0,1,100,32.875
89492,15131,1,T0,1,100,32.907
89592,15149,1,T0,1,100,32.907
89693,15167,1,T0,1,100,32.913
89796,15185,1,T0,1,100,32.880
89895,15203,1,T0,1,100,32.913
89997,15221,1,T0,1,100,32.902
90098,15239,1,T0,1,100,32.923
90200,15258,1,T0,1,100,32.843
90299,15276,1,T0,1,100,32.891
90400,15294,1,T0,1,100,32.880
90502,15312,1,T0,1,100,32.907
90603,15330,1,T0,1,100,32.907
90705,15348,1,T0,1,100,32.945
90806,15366,1,T0,1,100,32.891
90905,15385,1,T0,1,100,32.907
91006,15403,1,T0,1,100,32.902
91057,15421,2,T0,1,100,32.939
91109,15421,2,T0,1,100,32.902
91209,15439,1,T0,1,100,32.918
91310,15457,1,T0,1,100,32.923
91411,15475,1,T0,1,100,32.891
91505,15496,2,T0,1,100,32.966
91600,15496,2,T0,1,100,32.961
91697,15516,1,T0,1,100,32.923
91797,15535,1,T0,1,100,32.934
91976,15553,1,T0,1,100,32.939
92070,15571,1,T0,1,100,32.918
92173,15589,1,T0,1,100,32.961
92272,15607,1,T0,1,100,32.929
92374,15626,1,T0,1,100,32.913
92474,15644,1,T0,1,100,32.945
92575,15662,1,T0,1,100,32.923
92626,15680,2,T0,1,100,32.934
92678,15680,2,T0,1,100,32.955
92777,15698,1,T0,1,100,32.950
92880,15716,1,T0,1,100,32.955
92980,15734,1,T0,1,100,32.966
93082,15752,1,T0,1,100,32.929
93181,15771,1,T0,1,100,32.939
93283,15789,1,T0,1,100,32.918
93384,15807,1,T0,1,100,32.934
93486,15825,1,T0,1,100,32.918
93586,15843,1,T0,1,100,32.923
93687,15861,1,T0,1,100,32.945
93788,15879,1,T0,1,100,32.929
93888,15898,1,T0,1,100,32.945
93991,15916,1,T0,1,100,32.982
94091,15934,1,T0,1,100,32.961
94193,15952,1,T0,1,100,32.972
94294,15970,1,T0,1,100,32.961
94395,15988,1,T0,1,100,32.961
94496,16006,1,T0,1,100,32.923
94598,16025,1,T0,1,100,32.966
94697,16043,1,T0,1,100,32.955
94798,16061,1,T0,1,100,32.977
94901,16079,1,T0,1,100,32.988
95001,16097,1,T0,1,100,32.982
95102,16115,1,T0,1,100,32.988
95203,16133,1,T0,1,100,32.977
95303,16151,1,T0,1,100,32.977
95406,16170,1,T0,1,100,32.982
95505,16188,1,T0,1,100,32.961
95607,16206,1,T0,1,100,32.977
95657,16224,2,T0,1,100,32.982
95708,16224,2,T0,1,100,32.977
95810,16242,1,T0,1,100,32.988
95909,16260,1,T0,1,100,33.014
96012,16278,1,T0,1,100,32.982
96111,16297,1,T0,1,100,33.041
96213,16315,1,T0,1,100,32.993
96313,16333,1,T0,1,100,33.014
96416,16351,1,T0,1,100,32.993
96518,16369,1,T0,1,100,32.998
96616,16387,1,T0,1,100,32.998
96719,16405,1,T0,1,100,33.031
96818,16423,1,T0,1,100,33.004
96920,16442,1,T0,1,100,32.993
97020,16460,1,T0,1,100,33.004
97121,16478,1,T0,1,100,33.009
97224,16496,1,T0,1,100,33.014
97325,16514,1,T0,1,100,33.020
97426,16532,1,T0,1,100,33.004
97525,16550,1,T0,1,100,33.014
97628,16569,1,T0,1,100,33.009
97728,16587,1,T0,1,100,33.025
97829,16605,1,T0,1,100,33.031
97932,16623,1,T0,1,100,33.020
98032,16641,1,T0,1,100,32.977
98133,16659,1,T0,1,100,33.068
98233,16677,1,T0,1,100,33.041
98335,16696,1,T0,1,100,33.009
98435,16714,1,T0,1,100,33.020
98486,16732,2,T0,1,100,33.009
98538,16732,2,T0,1,100,33.031
98638,16750,1,T0,1,100,33.052
98740,16768,1,T0,1,100,33.020
98840,16786,1,T0,1,100,33.031
98940,16804,1,T0,1,100,33.063
99043,16822,1,T0,1,100,33.009
99143,16841,1,T0,1,100,33.031
99244,16859,1,T0,1,100,33.031
99344,16877,1,T0,1,100,33.068
99446,16895,1,T0,1,100,33.041
99548,16913,1,T0,1,100,33.047
99649,16931,1,T0,1,100,33.057
99748,16949,1,T0,1,100,33.068
99849,16968,1,T0,1,100,33.090
99952,16986,1,T0,1,100,33.047
100051,17004,1,T0,1,100,33.057
100153,17022,1,T0,1,100,33.052
100254,17040,1,T0,1,100,33.073
100356,17058,1,T0,1,100,33.084
100455,17076,1,T0,1,100,33.079
100557,17094,1,T0,1,100,33.052
100659,17113,1,T0,1,100,33.063
100758,17131,1,T0,1,100,33.063
100860,17149,1,T0,1,100,33.068
100961,17167,1,T0,1,100,33.073
101063,17185,1,T0,1,100,33.052
101162,17203,1,T0,1,100,33.084
101265,17221,1,T0,1,100,33.111
101365,17240,1,T0,1,100,33.079
101466,17258,1,T0,1,100,33.068
101516,17276,2,T0,1,100,33.057
101567,17276,2,T0,1,100,33.079
101668,17294,1,T0,1,100,33.068
101770,17312,1,T0,1,100,33.122
101869,17330,1,T0,1,100,33.084
101971,17348,1,T0,1,100,33.106
102072,17367,1,T0,1,100,33.068
102174,17385,1,T0,1,100,33.073
102273,17403,1,T0,1,100,33.111
102374,17421,1,T0,1,100,33.079
102539,17442,1,T0,1,100,33.111
102634,17462,1,T0,1,100,33.111
102736,17480,1,T0,1,100,33.095
102837,17499,1,T0,1,100,33.100
102937,17517,1,T0,1,100,33.106
102988,17535,2,T0,1,100,33.122
103040,17535,2,T0,1,100,33.116
103140,17553,1,T0,1,100,33.084
103240,17571,1,T0,1,100,33.122
103343,17589,1,T0,1,100,33.116
103444,17607,1,T0,1,100,33.116
103543,17626,1,T0,1,100,33.106
103645,17644,1,T0,1,100,33.149
103746,17662,1,T0,1,100,33.122
103849,17680,1,T0,1,100,33.106
103948,17698,1,T0,1,100,33.111
104050,17716,1,T0,1,100,33.149
104150,17734,1,T0,1,100,33.127
104250,17752,1,T0,1,100,33.143
104353,17771,1,T0,1,100,33.138
104454,17789,1,T0,1,100,33.132
104554,17807,1,T0,1,100,33.149
104654,17825,1,T0,1,100,33.138
104757,17843,1,T0,1,100,33.149
104857,17861,1,T0,1,100,33.127
104959,17879,1,T0,1,100,33.106
105058,17898,1,T0,1,100,33.116
105159,17916,1,T0,1,100,33.122
105261,17934,1,T0,1,100,33.132
105363,17952,1,T0,1,100,33.154
105463,17970,1,T0,1,100,33.154
105564,17988,1,T0,1,100,33.149
105665,18006,1,T0,1,100,33.122
105765,18024,1,T0,1,100,33.186
105866,18043,1,T0,1,100,33.138
105917,18061,2,T0,1,100,33.127
105969,18061,2,T0,1,100,33.149
106070,18079,1,T0,1,100,33.159
106169,18097,1,T0,1,100,33.106
106271,18115,1,T0,1,100,33.170
106373,18133,1,T0,1,100,33.143
106473,18151,1,T0,1,100,33.138
106574,18170,1,T0,1,100,33.181
106674,18188,1,T0,1,100,33.132
106776,18206,1,T0,1,100,33.181
106877,18224,1,T0,1,100,33.175
106977,18242,1,T0,1,100,33.159
107080,18260,1,T0,1,100,33.106
107180,18278,1,T0,1,100,33.186
107281,18297,1,T0,1,100,33.165
107381,18315,1,T0,1,100,33.207
107483,18333,1,T0,1,100,33.165
107585,18351,1,T0,1,100,33.159
107684,18369,1,T0,1,100,33.143
107787,18387,1,T0,1,100,33.154
107887,18405,1,T0,1,100,33.165
107989,18423,1,T0,1,100,33.186
108088,18442,1,T0,1,100,33.170
108189,18460,1,T0,1,100,33.181
108291,18478,1,T0,1,100,33.197
108393,18496,1,T0,1,100,33.191
108493,18514,1,T0,1,100,33.175
108595,18532,1,T0,1,100,33.197
108695,18550,1,T0,1,100,33.165
108795,18569,1,T0,1,100,33.197
108897,18587,1,T0,1,100,33.175
108947,18605,2,T0,1,100,33.170
108998,18605,2,T0,1,100,33.213
109100,18623,1,T0,1,100,33.175
109199,18641,1,T0,1,100,33.159
109300,18659,1,T0,1,100,33.202
109403,18677,1,T0,1,100,33.181
109503,18696,1,T0,1,100,33.191
109605,18714,1,T0,1,100,33.181
109704,18732,1,T0,1,100,33.175
109806,18750,1,T0,1,100,33.202
109909,18768,1,T0,1,100,33.202
110009,18786,1,T0,1,100,33.224
110108,18804,1,T0,1,100,33.202
110210,18822,1,T0,1,100,33.213
110312,18841,1,T0,1,100,33.218
110412,18859,1,T0,1,100,33.207
110515,18877,1,T0,1,100,33.213
110614,18895,1,T0,1,100,33.213
110717,18913,1,T0,1,100,33.207
110817,18931,1,T0,1,100,33.213
110919,18949,1,T0,1,100,33.186
111019,18968,1,T0,1,100,33.207
111119,18986,1,T0,1,100,33.250
111221,19004,1,T0,1,100,33.250
111321,19022,1,T0,1,100,33.229
111425,19040,1,T0,1,100,33.202
111523,19058,1,T0,1,100,33.207
111624,19076,1,T0,1,100,33.202
111727,19094,1,T0,1,100,33.240
111828,19113,1,T0,1,100,33.261
111927,19131,1,T0,1,100,33.213
112028,19149,1,T0,1,100,33.202
112079,19167,2,T0,1,100,33.224
112131,19167,2,T0,1,100,33.218
112230,19185,1,T0,1,100,33.224
112333,19203,1,T0,1,100,33.218
112433,19221,1,T0,1,100,33.218
112535,19240,1,T0,1,100,33.191
112635,19258,1,T0,1,100,33.256
112735,19276,1,T0,1,100,33.261
112837,19294,1,T0,1,100,33.272
112939,19312,1,T0,1,100,33.250
113040,19330,1,T0,1,100,33.272
113139,19348,1,T0,1,100,33.218
113241,19367,1,T0,1,100,33.229
113333,19388,2,T0,1,100,33.250
113425,19388,2,T0,1,100,33.191
113521,19408,1,T0,1,100,33.213
113624,19426,1,T0,1,100,33.234
113724,19444,1,T0,1,100,33.240
113826,19462,1,T0,1,100,33.256
113926,19480,1,T0,1,100,33.240
114026,19499,1,T0,1,100,33.250
114128,19517,1,T0,1,100,33.234
114229,19535,1,T0,1,100,33.240
114331,19553,1,T0,1,100,33.245
114430,19571,1,T0,1,100,33.272
114533,19589,1,T0,1,100,33.224
114633,19607,1,T0,1,100,33.272
114735,19626,1,T0,1,100,33.256
114835,19644,1,T0,1,100,33.245
114935,19662,1,T0,1,100,33.240
115037,19680,1,T0,1,100,33.250
115138,19698,1,T0,1,100,33.277
115240,19716,1,T0,1,100,33.266
115339,19734,1,T0,1,100,33.250
115441,19752,1,T0,1,100,33.277
115543,19771,1,T0,1,100,33.250
115642,19789,1,T0,1,100,33.256
115693,19807,2,T0,1,100,33.272
115745,19807,2,T0,1,100,33.272
115846,19825,1,T0,1,100,33.304
115945,19843,1,T0,1,100,33.261
116047,19861,1,T0,1,100,33.240
116149,19879,1,T0,1,100,33.277
116248,19898,1,T0,1,100,33.304
116350,19916,1,T0,1,100,33.256
116450,19934,1,T0,1,100,33.315
116552,19952,1,T0,1,100,33.288
116655,19970,1,T0,1,100,33.234
116753,19988,1,T0,1,100,33.250
116856,20006,1,T0,1,100,33.272
116956,20025,1,T0,1,100,33.272
117058,20043,1,T0,1,100,33.277
117157,20061,1,T0,1,100,33.272
117258,20079,1,T0,1,100,33.293
117361,20097,1,T0,1,100,33.256
117461,20115,1,T0,1,100,33.266
117562,20133,1,T0,1,100,33.272
117645,20151,2,T0,1,100,33.277
117729,20151,2,T0,1,100,33.266
117826,20170,1,T0,1,100,33.272
117928,20188,1,T0,1,100,33.299
118028,20206,1,T0,1,100,33.304
118129,20224,1,T0,1,100,33.272
118231,20242,1,T0,1,100,33.277
118330,20260,1,T0,1,100,33.266
118432,20278,1,T0,1,100,33.272
118534,20297,1,T0,1,100,33.299
118634,20315,1,T0,1,100,33.315
118735,20333,1,T0,1,100,33.266
118836,20351,1,T0,1,100,33.315
118937,20369,1,T0,1,100,33.283
119037,20387,1,T0,1,100,33.288
119138,20405,1,T0,1,100,33.309
119241,20424,1,T0,1,100,33.299
119341,20442,1,T0,1,100,33.266
119444,20460,1,T0,1,100,33.304
119542,20478,1,T0,1,100,33.315
119645,20496,1,T0,1,100,33.331
119745,20514,1,T0,1,100,33.293
119846,20532,1,T0,1,100,33.325
119946,20551,1,T0,1,100,33.309
119997,20569,2,T0,1,100,33.320
120048,20569,2,T0,1,100,33.320
120150,20587,1,T0,1,100,33.309
120249,20605,1,T0,1,100,33.261
120352,20623,1,T0,1,100,33.293
120451,20641,1,T0,1,100,33.342
120553,20659,1,T0,1,100,33.299
120654,20677,1,T0,1,100,33.299
120755,20696,1,T0,1,100,33.293
120856,20714,1,T0,1,100,33.325
120956,20732,1,T0,1,100,33.315
121058,20750,1,T0,1,100,33.315
121160,20768,1,T0,1,100,33.347
121259,20786,1,T0,1,100,33.315
121360,20804,1,T0,1,100,33.309
121463,20823,1,T0,1,100,33.309
121563,20841,1,T0,1,100,33.320
121665,20859,1,T0,1,100,33.342
121764,20877,1,T0,1,100,33.325
121866,20895,1,T0,1,100,33.325
121967,20913,1,T0,1,100,33.309
122067,20931,1,T0,1,100,33.293
122170,20949,1,T0,1,100,33.331
122270,20968,1,T0,1,100,33.342
122371,20986,1,T0,1,100,33.304
122473,21004,1,T0,1,100,33.304
122573,21022,1,T0,1,100,33.299
122675,21040,1,T0,1,100,33.336
122775,21058,1,T0,1,100,33.358
122876,21076,1,T0,1,100,33.342
122976,21095,1,T0,1,100,33.309
123027,21113,2,T0,1,100,33.336
123078,21113,2,T0,1,100,33.347
123180,21131,1,T0,1,100,33.325
123280,21149,1,T0,1,100,33.336
123381,21167,1,T0,1,100,33.363
123482,21185,1,T0,1,100,33.347
123582,21203,1,T0,1,100,33.320
123685,21222,1,T0,1,100,33.325
123787,21240,1,T0,1,100,33.336
123885,21258,1,T0,1,100,33.315
123987,21276,1,T0,1,100,33.336
124087,21294,1,T0,1,100,33.325
124190,21312,1,T0,1,100,33.358
124271,21333,2,T0,1,100,33.325
124353,21333,2,T0,1,100,33.358
124453,21354,1,T0,1,100,33.331
124553,21372,1,T0,1,100,33.352
124655,21390,1,T0,1,100,33.347
124755,21408,1,T0,1,100,33.347
124855,21426,1,T0,1,100,33.315
124957,21444,1,T0,1,100,33.315
125058,21462,1,T0,1,100,33.390
125160,21481,1,T0,1,100,33.358
125259,21499,1,T0,1,100,33.368
125361,21517,1,T0,1,100,33.352
125463,21535,1,T0,1,100,33.368
125562,21553,1,T0,1,100,33.374
125665,21571,1,T0,1,100,33.379
125766,21589,1,T0,1,100,33.342
125865,21607,1,T0,1,100,33.374
125966,21626,1,T0,1,100,33.395
126069,21644,1,T0,1,100,33.411
126168,21662,1,T0,1,100,33.352
126270,21680,1,T0,1,100,33.363
126370,21698,1,T0,1,100,33.384
126472,21716,1,T0,1,100,33.347
126575,21734,1,T0,1,100,33.401
126673,21753,1,T0,1,100,33.379
126776,21771,1,T0,1,100,33.395
126876,21789,1,T0,1,100,33.347
126978,21807,1,T0,1,100,33.379
127077,21825,1,T0,1,100,33.358
127178,21843,1,T0,1,100,33.347
127229,21861,2,T0,1,100,33.363
127281,21861,2,T0,1,100,33.336
127381,21879,1,T0,1,100,33.379
127482,21898,1,T0,1,100,33.342
127583,21916,1,T0,1,100,33.368
127685,21934,1,T0,1,100,33.374
127784,21952,1,T0,1,100,33.347
127885,21970,1,T0,1,100,33.358
127987,21988,1,T0,1,100,33.384
128090,22006,1,T0,1,100,33.395
128189,22025,1,T0,1,100,33.347
128291,22043,1,T0,1,100,33.368
128391,22061,1,T0,1,100,33.401
128491,22079,1,T0,1,100,33.358
128593,22097,1,T0,1,100,33.374
128694,22115,1,T0,1,100,33.352
128796,22133,1,T0,1,100,33.347
128895,22152,1,T0,1,100,33.352
128996,22170,1,T0,1,100,33.379
129099,22188,1,T0,1,100,33.390
129199,22206,1,T0,1,100,33.379
129300,22224,1,T0,1,100,33.401
129400,22242,1,T0,1,100,33.352
129501,22260,1,T0,1,100,33.427
129604,22278,1,T0,1,100,33.384
129705,22297,1,T0,1,100,33.374
129804,22315,1,T0,1,100,33.374
129906,22333,1,T0,1,100,33.363
130008,22351,1,T0,1,100,33.427
130107,22369,1,T0,1,100,33.395
130158,22387,2,T0,1,100,33.417
130210,22387,2,T0,1,100,33.417
130310,22405,1,T0,1,100,33.422
130411,22424,1,T0,1,100,33.390
130511,22442,1,T0,1,100,33.417
130614,22460,1,T0,1,100,33.433
130713,22478,1,T0,1,100,33.395
130814,22496,1,T0,1,100,33.406
130916,22514,1,T0,1,100,33.417
131016,22532,1,T0,1,100,33.417
131120,22551,1,T0,1,100,33.427
131218,22569,1,T0,1,100,33.379
131321,22587,1,T0,1,100,33.427
131422,22605,1,T0,1,100,33.395
131522,22623,1,T0,1,100,33.395
131622,22641,1,T0,1,100,33.422
131723,22659,1,T0,1,100,33.411
131826,22677,1,T0,1,100,33.443
131925,22696,1,T0,1,100,33.368
132027,22714,1,T0,1,100,33.422
132128,22732,1,T0,1,100,33.401
132230,22750,1,T0,1,100,33.390
132330,22768,1,T0,1,100,33.417
132430,22786,1,T0,1,100,33.411
132532,22804,1,T0,1,100,33.433
132633,22823,1,T0,1,100,33.438
132735,22841,1,T0,1,100,33.374
132834,22859,1,T0,1,100,33.417
132935,22877,1,T0,1,100,33.449
133038,22895,1,T0,1,100,33.401
133137,22913,1,T0,1,100,33.422
133239,22931,1,T0,1,100,33.427
133290,22949,2,T0,1,100,33.406
133341,22949,2,T0,1,100,33.422
133440,22968,1,T0,1,100,33.443
133541,22986,1,T0,1,100,33.406
133644,23004,1,T0,1,100,33.449
133744,23022,1,T0,1,100,33.443
133845,23040,1,T0,1,100,33.438
133945,23058,1,T0,1,100,33.465
134046,23076,1,T0,1,100,33.427
134149,23095,1,T0,1,100,33.454
134249,23113,1,T0,1,100,33.433
134351,23131,1,T0,1,100,33.449
134451,23149,1,T0,1,100,33.438
134553,23167,1,T0,1,100,33.438
134654,23185,1,T0,1,100,33.449
134754,23203,1,T0,1,100,33.449
134855,23222,1,T0,1,100,33.449
134955,23240,1,T0,1,100,33.476
135058,23258,1,T0,1,100,33.427
135150,23279,2,T0,1,100,33.427
135243,23279,2,T0,1,100,33.443
135339,23299,1,T0,1,100,33.449
135442,23317,1,T0,1,100,33.449
135542,23335,1,T0,1,100,33.497
135643,23354,1,T0,1,100,33.454
135743,23372,1,T0,1,100,33.433
135846,23390,1,T0,1,100,33.454
135945,23408,1,T0,1,100,33.433
136047,23426,1,T0,1,100,33.476
136147,23444,1,T0,1,100,33.454
136250,23462,1,T0,1,100,33.497
136351,23481,1,T0,1,100,33.454
136451,23499,1,T0,1,100,33.454
136553,23517,1,T0,1,100,33.476
136652,23535,1,T0,1,100,33.486
136755,23553,1,T0,1,100,33.470
136854,23571,1,T0,1,100,33.465
136955,23589,1,T0,1,100,33.454
137006,23607,2,T0,1,100,33.422
137058,23607,2,T0,1,100,33.460
137158,23626,1,T0,1,100,33.497
137259,23644,1,T0,1,100,33.465
137360,23662,1,T0,1,100,33.454
137462,23680,1,T0,1,100,33.443
137561,23698,1,T0,1,100,33.476
137662,23716,1,T0,1,100,33.465
137765,23734,1,T0,1,100,33.470
137867,23753,1,T0,1,100,33.502
137966,23771,1,T0,1,100,33.502
138067,23789,1,T0,1,100,33.497
138168,23807,1,T0,1,100,33.465
138268,23825,1,T0,1,100,33.470
138370,23843,1,T0,1,100,33.486
138470,23861,1,T0,1,100,33.513
138573,23880,1,T0,1,100,33.492
138672,23898,1,T0,1,100,33.502
138773,23916,1,T0,1,100,33.486
138876,23934,1,T0,1,100,33.561
138976,23952,1,T0,1,100,33.492
139077,23970,1,T0,1,100,33.513
139177,23988,1,T0,1,100,33.513
139280,24006,1,T0,1,100,33.513
139381,24025,1,T0,1,100,33.502
139482,24043,1,T0,1,100,33.470
139581,24061,1,T0,1,100,33.481
139683,24079,1,T0,1,100,33.481
139785,24097,1,T0,1,100,33.497
139884,24115,1,T0,1,100,33.502
139986,24133,1,T0,1,100,33.465
140086,24152,1,T0,1,100,33.513
140136,24170,2,T0,1,100,33.492
140187,24170,2,T0,1,100,33.513
140290,24188,1,T0,1,100,33.470
140389,24206,1,T0,1,100,33.508
140492,24224,1,T0,1,100,33.519
140591,24242,1,T0,1,100,33.497
140693,24260,1,T0,1,100,33.497
140794,24278,1,T0,1,100,33.497
140896,24297,1,T0,1,100,33.529
140996,24315,1,T0,1,100,33.540
141096,24333,1,T0,1,100,33.519
141198,24351,1,T0,1,100,33.508
141298,24369,1,T0,1,100,33.519
141400,24387,1,T0,1,100,33.524
141500,24405,1,T0,1,100,33.481
141602,24424,1,T0,1,100,33.508
141704,24442,1,T0,1,100,33.492
141804,24460,1,T0,1,100,33.524
141905,24478,1,T0,1,100,33.529
142007,24496,1,T0,1,100,33.502
142107,24514,1,T0,1,100,33.524
142207,24532,1,T0,1,100,33.529
142309,24551,1,T0,1,100,33.529
142409,24569,1,T0,1,100,33.556
142511,24587,1,T0,1,100,33.519
142613,24605,1,T0,1,100,33.545
142712,24623,1,T0,1,100,33.545
142815,24641,1,T0,1,100,33.545
142914,24659,1,T0,1,100,33.524
143016,24677,1,T0,1,100,33.535
143116,24696,1,T0,1,100,33.519
143167,24714,2,T0,1,100,33.540
143218,24714,2,T0,1,100,33.535
143318,24732,1,T0,1,100,33.540
143798,24769,1,T0,1,100,33.497
143848,24787,2,T0,1,100,33.551
143898,24787,2,T0,1,100,33.545
143999,24805,1,T0,1,100,33.524
144099,24823,1,T0,1,100,33.529
144199,24841,1,T0,1,100,33.535
144302,24859,1,T0,1,100,33.567
144402,24877,1,T0,1,100,33.551
144504,24895,1,T0,1,100,33.535
144603,24914,1,T0,1,100,33.583
144704,24932,1,T0,1,100,33.561
144806,24950,1,T0,1,100,33.567
144907,24968,1,T0,1,100,33.551
145009,24986,1,T0,1,100,33.556
145108,25004,1,T0,1,100,33.551
145210,25022,1,T0,1,100,33.556
145312,25041,1,T0,1,100,33.572
145411,25059,1,T0,1,100,33.556
145514,25077,1,T0,1,100,33.588
145614,25095,1,T0,1,100,33.545
145715,25113,1,T0,1,100,33.567
145815,25131,1,T0,1,100,33.583
145918,25149,1,T0,1,100,33.572
146020,25167,1,T0,1,100,33.615
146103,25189,2,T0,1,100,33.567
146187,25189,2,T0,1,100,33.572
146282,25209,1,T0,1,100,33.599
146385,25227,1,T0,1,100,33.578
146484,25245,1,T0,1,100,33.578
146585,25263,1,T0,1,100,33.594
146688,25281,1,T0,1,100,33.594
146788,25300,1,T0,1,100,33.610
146890,25318,1,T0,1,100,33.588
146989,25336,1,T0,1,100,33.604
147092,25354,1,T0,1,100,33.610
147192,25372,1,T0,1,100,33.567
147292,25390,1,T0,1,100,33.588
147395,25408,1,T0,1,100,33.594
147495,25426,1,T0,1,100,33.572
147597,25445,1,T0,1,100,33.572
147696,25463,1,T0,1,100,33.561
147798,25481,1,T0,1,100,33.620
147899,25499,1,T0,1,100,33.594
148000,25517,1,T0,1,100,33.626
148050,25535,2,T0,1,100,33.594
148101,25535,2,T0,1,100,33.615
148203,25553,1,T0,1,100,33.583
148302,25572,1,T0,1,100,33.610
148403,25590,1,T0,1,100,33.620
148506,25608,1,T0,1,100,33.604
148606,25626,1,T0,1,100,33.626
148707,25644,1,T0,1,100,33.594
148807,25662,1,T0,1,100,33.594
148910,25680,1,T0,1,100,33.615
149012,25699,1,T0,1,100,33.594
149110,25717,1,T0,1,100,33.578
149212,25735,1,T0,1,100,33.578
149312,25753,1,T0,1,100,33.604
149415,25771,1,T0,1,100,33.631
149514,25789,1,T0,1,100,33.636
149616,25807,1,T0,1,100,33.636
149717,25825,1,T0,1,100,33.631
149819,25844,1,T0,1,100,33.620
149918,25862,1,T0,1,100,33.615
150019,25880,1,T0,1,100,33.620
150122,25898,1,T0,1,100,33.615
150221,25916,1,T0,1,100,33.615
150323,25934,1,T0,1,100,33.610
150424,25952,1,T0,1,100,33.599
150526,25971,1,T0,1,100,33.636
150626,25989,1,T0,1,100,33.583
150726,26007,1,T0,1,100,33.610
150828,26025,1,T0,1,100,33.647
150929,26043,1,T0,1,100,33.626
151030,26061,1,T0,1,100,33.631
151080,26079,2,T0,1,100,33.679
151131,26079,2,T0,1,100,33.647
151232,26097,1,T0,1,100,33.626
151332,26116,1,T0,1,100,33.604
151435,26134,1,T0,1,100,33.631
151535,26152,1,T0,1,100,33.610
151637,26170,1,T0,1,100,33.642
151736,26188,1,T0,1,100,33.615
151837,26206,1,T0,1,100,33.669
151940,26224,1,T0,1,100,33.636
152041,26243,1,T0,1,100,33.636
152142,26261,1,T0,1,100,33.647
152241,26279,1,T0,1,100,33.653
152342,26297,1,T0,1,100,33.647
152445,26315,1,T0,1,100,33.658
152545,26333,1,T0,1,100,33.647
152646,26351,1,T0,1,100,33.642
152747,26370,1,T0,1,100,33.658
152849,26388,1,T0,1,100,33.631
152948,26406,1,T0,1,100,33.674
153051,26424,1,T0,1,100,33.631
153151,26442,1,T0,1,100,33.642
153252,26460,1,T0,1,100,33.663
153352,26478,1,T0,1,100,33.636
153456,26496,1,T0,1,100,33.647
153555,26515,1,T0,1,100,33.636
153655,26533,1,T0,1,100,33.674
153758,26551,1,T0,1,100,33.653
153858,26569,1,T0,1,100,33.647
153960,26587,1,T0,1,100,33.642
154059,26605,1,T0,1,100,33.674
154160,26623,1,T0,1,100,33.631
154211,26642,2,T0,1,100,33.653
154263,26642,2,T0,1,100,33.653
154363,26660,1,T0,1,100,33.642
154465,26678,1,T0,1,100,33.663
154564,26696,1,T0,1,100,33.685
154666,26714,1,T0,1,100,33.669
154767,26732,1,T0,1,100,33.663
154868,26750,1,T0,1,100,33.669
154968,26768,1,T0,1,100,33.658
155070,26787,1,T0,1,100,33.679
155172,26805,1,T0,1,100,33.647
155271,26823,1,T0,1,100,33.636
155374,26841,1,T0,1,100,33.685
155474,26859,1,T0,1,100,33.685
155575,26877,1,T0,1,100,33.674
155675,26895,1,T0,1,100,33.717
155778,26914,1,T0,1,100,33.690
155878,26932,1,T0,1,100,33.663
155978,26950,1,T0,1,100,33.695
156081,26968,1,T0,1,100,33.706
156181,26986,1,T0,1,100,33.674
156282,27004,1,T0,1,100,33.685
156382,27022,1,T0,1,100,33.669
156483,27041,1,T0,1,100,33.658
156586,27059,1,T0,1,100,33.679
156687,27077,1,T0,1,100,33.722
156788,27095,1,T0,1,100,33.647
156887,27113,1,T0,1,100,33.669
156979,27134,2,T0,1,100,33.690
157072,27134,2,T0,1,100,33.690
157171,27154,1,T0,1,100,33.695
157272,27173,1,T0,1,100,33.669
157372,27191,1,T0,1,100,33.679
157472,27209,1,T0,1,100,33.712
157575,27227,1,T0,1,100,33.674
157675,27245,1,T0,1,100,33.679
157776,27263,1,T0,1,100,33.712
157826,27281,2,T0,1,100,33.679
157877,27281,2,T0,1,100,33.712
157978,27300,1,T0,1,100,33.706
158078,27318,1,T0,1,100,33.712
158179,27336,1,T0,1,100,33.663
158282,27354,1,T0,1,100,33.695
158382,27372,1,T0,1,100,33.658
158483,27390,1,T0,1,100,33.695
158583,27408,1,T0,1,100,33.669
158686,27426,1,T0,1,100,33.669
158787,27445,1,T0,1,100,33.658
158886,27463,1,T0,1,100,33.674
158988,27481,1,T0,1,100,33.690
159090,27499,1,T0,1,100,33.669
159191,27517,1,T0,1,100,33.685
159291,27535,1,T0,1,100,33.728
159392,27553,1,T0,1,100,33.695
159493,27572,1,T0,1,100,33.679
159595,27590,1,T0,1,100,33.706
159694,27608,1,T0,1,100,33.701
159795,27626,1,T0,1,100,33.722
159898,27644,1,T0,1,100,33.690
159997,27662,1,T0,1,100,33.701
160100,27680,1,T0,1,100,33.701
160199,27699,1,T0,1,100,33.679
160301,27717,1,T0,1,100,33.695
160402,27735,1,T0,1,100,33.690
160502,27753,1,T0,1,100,33.701
160605,27771,1,T0,1,100,33.712
160705,27789,1,T0,1,100,33.706
160806,27807,1,T0,1,100,33.669
160856,27825,2,T0,1,100,33.663
160907,27825,2,T0,1,100,33.728
161008,27844,1,T0,1,100,33.690
161108,27862,1,T0,1,100,33.695
161211,27880,1,T0,1,100,33.685
161311,27898,1,T0,1,100,33.663
161412,27916,1,T0,1,100,33.695
161512,27934,1,T0,1,100,33.674
161613,27952,1,T0,1,100,33.701
161716,27971,1,T0,1,100,33.695
161816,27989,1,T0,1,100,33.722
161917,28007,1,T0,1,100,33.695
162017,28025,1,T0,1,100,33.690
162118,28043,1,T0,1,100,33.712
162221,28061,1,T0,1,100,33.695
162321,28079,1,T0,1,100,33.712
162422,28097,1,T0,1,100,33.701
162522,28116,1,T0,1,100,33.695
162625,28134,1,T0,1,100,33.679
162724,28152,1,T0,1,100,33.669
162827,28170,1,T0,1,100,33.674
162927,28188,1,T0,1,100,33.712
163029,28206,1,T0,1,100,33.733
163129,28224,1,T0,1,100,33.663
163232,28243,1,T0,1,100,33.695
163332,28261,1,T0,1,100,33.669
163432,28279,1,T0,1,100,33.695
163535,28297,1,T0,1,100,33.690
163635,28315,1,T0,1,100,33.685
163737,28333,1,T0,1,100,33.717
163836,28351,1,T0,1,100,33.738
163887,28370,2,T0,1,100,33.701
163938,28370,2,T0,1,100,33.701
164040,28388,1,T0,1,100,33.706
164140,28406,1,T0,1,100,33.706
164241,28424,1,T0,1,100,33.679
164343,28442,1,T0,1,100,33.674
164444,28460,1,T0,1,100,33.701
164544,28478,1,T0,1,100,33.706
164645,28496,1,T0,1,100,33.653
164746,28515,1,T0,1,100,33.679
164848,28533,1,T0,1,100,33.695
164948,28551,1,T0,1,100,33.712
165048,28569,1,T0,1,100,33.679
165151,28587,1,T0,1,100,33.733
165251,28605,1,T0,1,100,33.712
165352,28623,1,T0,1,100,33.674
165452,28642,1,T0,1,100,33.679
165554,28660,1,T0,1,100,33.695
165654,28678,1,T0,1,100,33.717
165756,28696,1,T0,1,100,33.647
165858,28714,1,T0,1,100,33.706
165958,28732,1,T0,1,100,33.706
166059,28750,1,T0,1,100,33.733
166159,28769,1,T0,1,100,33.712
166262,28787,1,T0,1,100,33.642
166363,28805,1,T0,1,100,33.701
166464,28823,1,T0,1,100,33.690
166564,28841,1,T0,1,100,33.706
166666,28859,1,T0,1,100,33.679
166766,28877,1,T0,1,100,33.685
166866,28895,1,T0,1,100,33.695
166917,28914,2,T0,1,100,33.695
166969,28914,2,T0,1,100,33.690
167069,28932,1,T0,1,100,33.695
167171,28950,1,T0,1,100,33.701
167270,28968,1,T0,1,100,33.701
167373,28986,1,T0,1,100,33.706
167474,29004,1,T0,1,100,33.733
167573,29022,1,T0,1,100,33.685
167675,29041,1,T0,1,100,33.685
167777,29059,1,T0,1,100,33.717
167870,29080,2,T0,1,100,33.685
167963,29080,2,T0,1,100,33.706
168057,29100,1,T0,1,100,33.690
168158,29118,1,T0,1,100,33.728
168260,29136,1,T0,1,100,33.706
168362,29154,1,T0,1,100,33.695
168463,29173,1,T0,1,100,33.690
168563,29191,1,T0,1,100,33.690
168665,29209,1,T0,1,100,33.674
168765,29227,1,T0,1,100,33.706
168867,29245,1,T0,1,100,33.728
168966,29263,1,T0,1,100,33.695
169067,29281,1,T0,1,100,33.679
169170,29300,1,T0,1,100,33.706
169270,29318,1,T0,1,100,33.728
169355,29336,2,T0,1,100,33.738
169440,29336,2,T0,1,100,33.685
169536,29354,1,T0,1,100,33.679
169638,29372,1,T0,1,100,33.690
169738,29390,1,T0,1,100,33.717
169838,29408,1,T0,1,100,33.701
169941,29427,1,T0,1,100,33.695
170042,29445,1,T0,1,100,33.728
170141,29463,1,T0,1,100,33.712
170243,29481,1,T0,1,100,33.738
170345,29499,1,T0,1,100,33.749
170444,29517,1,T0,1,100,33.690
170547,29535,1,T0,1,100,33.738
170647,29554,1,T0,1,100,33.733
170748,29572,1,T0,1,100,33.728
170848,29590,1,T0,1,100,33.728
170951,29608,1,T0,1,100,33.706
171053,29626,1,T0,1,100,33.695
171151,29644,1,T0,1,100,33.706
171254,29662,1,T0,1,100,33.749
171354,29680,1,T0,1,100,33.717
171456,29699,1,T0,1,100,33.733
171555,29717,1,T0,1,100,33.722
171656,29735,1,T0,1,100,33.733
171707,29753,2,T0,1,100,33.717
171759,29753,2,T0,1,100,33.744
171860,29771,1,T0,1,100,33.738
171960,29789,1,T0,1,100,33.754
172060,29807,1,T0,1,100,33.712
172163,29826,1,T0,1,100,33.695
172262,29844,1,T0,1,100,33.733
172365,29862,1,T0,1,100,33.728
172464,29880,1,T0,1,100,33.712
172566,29898,1,T0,1,100,33.744
172668,29916,1,T0,1,100,33.760
172767,29934,1,T0,1,100,33.744
172870,29953,1,T0,1,100,33.728
172970,29971,1,T0,1,100,33.733
173072,29989,1,T0,1,100,33.728
173171,30007,1,T0,1,100,33.728
173272,30025,1,T0,1,100,33.728
173374,30043,1,T0,1,100,33.744
173475,30061,1,T0,1,100,33.722
173576,30079,1,T0,1,100,33.706
173677,30098,1,T0,1,100,33.728
173778,30116,1,T0,1,100,33.738
173878,30134,1,T0,1,100,33.754
173981,30152,1,T0,1,100,33.797
174081,30170,1,T0,1,100,33.738
174183,30188,1,T0,1,100,33.754
174283,30206,1,T0,1,100,33.781
174383,30225,1,T0,1,100,33.754
174486,30243,1,T0,1,100,33.803
174586,30261,1,T0,1,100,33.717
174687,30279,1,T0,1,100,33.733
174787,30297,1,T0,1,100,33.722
174838,30315,2,T0,1,100,33.754
174889,30315,2,T0,1,100,33.749
174991,30333,1,T0,1,100,33.808
175090,30351,1,T0,1,100,33.754
175193,30370,1,T0,1,100,33.749
175292,30388,1,T0,1,100,33.728
175394,30406,1,T0,1,100,33.760
175496,30424,1,T0,1,100,33.744
175597,30442,1,T0,1,100,33.781
175697,30460,1,T0,1,100,33.733
175798,30478,1,T0,1,100,33.771
175899,30497,1,T0,1,100,33.781
176001,30515,1,T0,1,100,33.744
176101,30533,1,T0,1,100,33.781
176201,30551,1,T0,1,100,33.744
176304,30569,1,T0,1,100,33.787
176404,30587,1,T0,1,100,33.765
176506,30605,1,T0,1,100,33.754
176605,30624,1,T0,1,100,33.754
176706,30642,1,T0,1,100,33.754
176808,30660,1,T0,1,100,33.776
176909,30678,1,T0,1,100,33.733
177010,30696,1,T0,1,100,33.776
177110,30714,1,T0,1,100,33.787
177212,30732,1,T0,1,100,33.760
177314,30750,1,T0,1,100,33.760
177415,30769,1,T0,1,100,33.792
177515,30787,1,T0,1,100,33.808
177617,30805,1,T0,1,100,33.754
177716,30823,1,T0,1,100,33.781
177766,30841,2,T0,1,100,33.792
177817,30841,2,T0,1,100,33.771
177920,30859,1,T0,1,100,33.760
178019,30877,1,T0,1,100,33.771
178122,30896,1,T0,1,100,33.781
178222,30914,1,T0,1,100,33.771
178323,30932,1,T0,1,100,33.787
178423,30950,1,T0,1,100,33.771
178524,30968,1,T0,1,100,33.792
178626,30986,1,T0,1,100,33.781
178727,31004,1,T0,1,100,33.754
178811,31026,2,T0,1,100,33.771
178895,31026,2,T0,1,100,33.797
178994,31063,2,T0,1,100,33.813
179094,31063,2,T0,1,100,33.733
179194,31081,1,T0,1,100,33.787
179295,31099,1,T0,1,100,33.797
179396,31117,1,T0,1,100,33.787
179498,31135,1,T0,1,100,33.792
179597,31154,1,T0,1,100,33.781
179698,31172,1,T0,1,100,33.787
179800,31190,1,T0,1,100,33.787
179901,31208,1,T0,1,100,33.787
180003,31226,1,T0,1,100,33.813
180102,31244,1,T0,1,100,33.792
180204,31262,1,T0,1,100,33.787
180304,31280,1,T0,1,100,33.819
180405,31299,1,T0,1,100,33.787
180508,31317,1,T0,1,100,33.797
180609,31335,1,T0,1,100,33.803
180708,31353,1,T0,1,100,33.781
180810,31371,1,T0,1,100,33.765
180911,31389,1,T0,1,100,33.787
181011,31407,1,T0,1,100,33.792
181114,31426,1,T0,1,100,33.803
181213,31444,1,T0,1,100,33.771
181316,31462,1,T0,1,100,33.781
181417,31480,1,T0,1,100,33.819
181516,31498,1,T0,1,100,33.813
181619,31516,1,T0,1,100,33.824
181718,31534,1,T0,1,100,33.781
181820,31553,1,T0,1,100,33.813
181920,31571,1,T0,1,100,33.819
182021,31589,1,T0,1,100,33.813
182072,31607,2,T0,1,100,33.819
182124,31607,2,T0,1,100,33.808
182224,31625,1,T0,1,100,33.803
182325,31643,1,T0,1,100,33.787
182426,31661,1,T0,1,100,33.781
182528,31679,1,T0,1,100,33.808
182627,31698,1,T0,1,100,33.824
182729,31716,1,T0,1,100,33.771
182830,31734,1,T0,1,100,33.813
182933,31752,1,T0,1,100,33.797
183031,31770,1,T0,1,100,33.830
183134,31788,1,T0,1,100,33.797
183233,31806,1,T0,1,100,33.819
183334,31825,1,T0,1,100,33.781
183437,31843,1,T0,1,100,33.797
183537,31861,1,T0,1,100,33.808
183639,31879,1,T0,1,100,33.781
183738,31897,1,T0,1,100,33.792
183839,31915,1,T0,1,100,33.840
183942,31933,1,T0,1,100,33.792
184042,31952,1,T0,1,100,33.792
184142,31970,1,T0,1,100,33.819
184243,31988,1,T0,1,100,33.797
184346,32006,1,T0,1,100,33.851
184447,32024,1,T0,1,100,33.771
184548,32042,1,T0,1,100,33.808
184648,32060,1,T0,1,100,33.792
184749,32078,1,T0,1,100,33.781
184849,32097,1,T0,1,100,33.835
184950,32115,1,T0,1,100,33.819
185001,32133,2,T0,1,100,33.819
185053,32133,2,T0,1,100,33.819
185153,32151,1,T0,1,100,33.819
185254,32169,1,T0,1,100,33.813
185354,32187,1,T0,1,100,33.792
185457,32205,1,T0,1,100,33.787
185556,32224,1,T0,1,100,33.797
185657,32242,1,T0,1,100,33.830
185759,32260,1,T0,1,100,33.835
185862,32278,1,T0,1,100,33.824
185962,32296,1,T0,1,100,33.830
186061,32314,1,T0,1,100,33.840
186164,32332,1,T0,1,100,33.813
186263,32350,1,T0,1,100,33.824
186365,32369,1,T0,1,100,33.846
186465,32387,1,T0,1,100,33.824
186566,32405,1,T0,1,100,33.846
186669,32423,1,T0,1,100,33.808
186769,32441,1,T0,1,100,33.840
186870,32459,1,T0,1,100,33.819
186971,32477,1,T0,1,100,33.830
187073,32496,1,T0,1,100,33.830
187172,32514,1,T0,1,100,33.840
187273,32532,1,T0,1,100,33.819
187376,32550,1,T0,1,100,33.808
187478,32568,1,T0,1,100,33.776
187577,32586,1,T0,1,100,33.851
187679,32604,1,T0,1,100,33.830
187779,32623,1,T0,1,100,33.808
187879,32641,1,T0,1,100,33.792
187930,32659,2,T0,1,100,33.803
187982,32659,2,T0,1,100,33.851
188082,32677,1,T0,1,100,33.787
188184,32695,1,T0,1,100,33.803
188283,32713,1,T0,1,100,33.830
188385,32731,1,T0,1,100,33.819
188486,32749,1,T0,1,100,33.830
188586,32768,1,T0,1,100,33.819
188689,32786,1,T0,1,100,33.840
188788,32804,1,T0,1,100,33.872
188892,32822,1,T0,1,100,33.797
188991,32840,1,T0,1,100,33.819
189092,32858,1,T0,1,100,33.808
189194,32876,1,T0,1,100,33.808
189293,32895,1,T0,1,100,33.846
189395,32913,1,T0,1,100,33.851
189495,32931,1,T0,1,100,33.846
189596,32949,1,T0,1,100,33.835
189690,32970,2,T0,1,100,33.835
189784,32970,2,T0,1,100,33.830
189877,32990,1,T0,1,100,33.803
189979,33008,1,T0,1,100,33.851
190079,33027,1,T0,1,100,33.846
190180,33045,1,T0,1,100,33.846
190283,33063,1,T0,1,100,33.856
190384,33081,1,T0,1,100,33.867
190483,33099,1,T0,1,100,33.851
190584,33117,1,T0,1,100,33.851
190687,33135,1,T0,1,100,33.851
190786,33154,1,T0,1,100,33.862
190889,33172,1,T0,1,100,33.846
190988,33190,1,T0,1,100,33.824
191092,33208,1,T0,1,100,33.856
191190,33226,1,T0,1,100,33.824
191291,33244,1,T0,1,100,33.846
191394,33262,1,T0,1,100,33.878
191493,33281,1,T0,1,100,33.840
191595,33299,1,T0,1,100,33.862
191645,33317,2,T0,1,100,33.856
191696,33317,2,T0,1,100,33.878
191797,33335,1,T0,1,100,33.840
191899,33353,1,T0,1,100,33.856
192000,33371,1,T0,1,100,33.830
192099,33389,1,T0,1,100,33.830
192202,33407,1,T0,1,100,33.889
192302,33426,1,T0,1,100,33.878
192402,33444,1,T0,1,100,33.862
192504,33462,1,T0,1,100,33.851
192605,33480,1,T0,1,100,33.872
192707,33498,1,T0,1,100,33.883
192806,33516,1,T0,1,100,33.862
192908,33534,1,T0,1,100,33.856
193008,33553,1,T0,1,100,33.883
193109,33571,1,T0,1,100,33.862
193212,33589,1,T0,1,100,33.840
193312,33607,1,T0,1,100,33.856
193413,33625,1,T0,1,100,33.851
193513,33643,1,T0,1,100,33.803
193614,33661,1,T0,1,100,33.883
193716,33679,1,T0,1,100,33.856
193816,33698,1,T0,1,100,33.851
193919,33716,1,T0,1,100,33.851
194019,33734,1,T0,1,100,33.851
194122,33752,1,T0,1,100,33.846
194220,33770,1,T0,1,100,33.872
194323,33788,1,T0,1,100,33.899
194423,33806,1,T0,1,100,33.835
194524,33825,1,T0,1,100,33.867
194624,33843,1,T0,1,100,33.894
194675,33861,2,T0,1,100,33.856
194726,33861,2,T0,1,100,33.819
194828,33879,1,T0,1,100,33.889
194927,33897,1,T0,1,100,33.878
195105,33915,1,T0,1,100,33.867
195200,33934,1,T0,1,100,33.856
195301,33952,1,T0,1,100,33.856
195402,33970,1,T0,1,100,33.894
195502,33988,1,T0,1,100,33.872
195553,34006,2,T0,1,100,33.851
195604,34006,2,T0,1,100,33.867
195706,34024,1,T0,1,100,33.915
195806,34042,1,T0,1,100,33.846
195908,34060,1,T0,1,100,33.851
196007,34079,1,T0,1,100,33.867
196108,34097,1,T0,1,100,33.862
196210,34115,1,T0,1,100,33.830
196310,34133,1,T0,1,100,33.878
196413,34151,1,T0,1,100,33.910
196513,34169,1,T0,1,100,33.872
196615,34187,1,T0,1,100,33.878
196716,34206,1,T0,1,100,33.862
196817,34224,1,T0,1,100,33.851
196917,34242,1,T0,1,100,33.889
197018,34260,1,T0,1,100,33.921
197118,34278,1,T0,1,100,33.867
197219,34296,1,T0,1,100,33.867
197322,34314,1,T0,1,100,33.910
197422,34332,1,T0,1,100,33.851
197523,34351,1,T0,1,100,33.867
197623,34369,1,T0,1,100,33.867
197726,34387,1,T0,1,100,33.889
197825,34405,1,T0,1,100,33.894
197926,34423,1,T0,1,100,33.910
198028,34441,1,T0,1,100,33.872
198129,34459,1,T0,1,100,33.872
198231,34478,1,T0,1,100,33.835
198331,34496,1,T0,1,100,33.883
198433,34514,1,T0,1,100,33.921
198532,34532,1,T0,1,100,33.889
198633,34550,1,T0,1,100,33.872
198684,34568,2,T0,1,100,33.905
198736,34568,2,T0,1,100,33.889
198836,34586,1,T0,1,100,33.905
198938,34604,1,T0,1,100,33.899
199037,34623,1,T0,1,100,33.910
199139,34641,1,T0,1,100,33.910
199240,34659,1,T0,1,100,33.878
199342,34677,1,T0,1,100,33.894
199441,34695,1,T0,1,100,33.872
199542,34713,1,T0,1,100,33.851
199644,34731,1,T0,1,100,33.910
199745,34750,1,T0,1,100,33.894
199847,34768,1,T0,1,100,33.889
199947,34786,1,T0,1,100,33.899
200048,34804,1,T0,1,100,33.894
200150,34822,1,T0,1,100,33.851
200249,34840,1,T0,1,100,33.899
200352,34858,1,T0,1,100,33.878
200452,34877,1,T0,1,100,33.910
200553,34895,1,T0,1,100,33.899
200633,34916,2,T0,1,100,33.931
200714,34916,2,T0,1,100,33.915
200813,34936,1,T0,1,100,33.889
200913,34954,1,T0,1,100,33.899
201017,34972,1,T0,1,100,33.872
201116,34990,1,T0,1,100,33.846
201216,35009,1,T0,1,100,33.910
201319,35027,1,T0,1,100,33.889
201418,35045,1,T0,1,100,33.894
201520,35063,1,T0,1,100,33.926
201620,35081,1,T0,1,100,33.899
201721,35099,1,T0,1,100,33.931
201824,35117,1,T0,1,100,33.889
201925,35135,1,T0,1,100,33.926
202025,35154,1,T0,1,100,33.937
202125,35172,1,T0,1,100,33.937
202228,35190,1,T0,1,100,33.889
202327,35208,1,T0,1,100,33.937
202429,35226,1,T0,1,100,33.915
202530,35244,1,T0,1,100,33.899
202631,35262,1,T0,1,100,33.889
202732,35281,1,T0,1,100,33.846
202832,35299,1,T0,1,100,33.915
202934,35317,1,T0,1,100,33.899
203034,35335,1,T0,1,100,33.915
203085,35353,2,T0,1,100,33.926
203137,35353,2,T0,1,100,33.915
203237,35371,1,T0,1,100,33.910
203339,35389,1,T0,1,100,33.926
203439,35408,1,T0,1,100,33.931
203539,35426,1,T0,1,100,33.921
203642,35444,1,T0,1,100,33.894
203742,35462,1,T0,1,100,33.910
203843,35480,1,T0,1,100,33.878
203943,35498,1,T0,1,100,33.905
204046,35516,1,T0,1,100,33.921
204147,35534,1,T0,1,100,33.889
204248,35553,1,T0,1,100,33.872
204347,35571,1,T0,1,100,33.905
204448,35589,1,T0,1,100,33.937
204551,35607,1,T0,1,100,33.899
204650,35625,1,T0,1,100,33.915
204752,35643,1,T0,1,100,33.905
204853,35661,1,T0,1,100,33.921
204955,35680,1,T0,1,100,33.899
205055,35698,1,T0,1,100,33.905
205156,35716,1,T0,1,100,33.905
205258,35734,1,T0,1,100,33.889
205357,35752,1,T0,1,100,33.899
205459,35770,1,T0,1,100,33.915
205561,35788,1,T0,1,100,33.905
205661,35807,1,T0,1,100,33.899
205762,35825,1,T0,1,100,33.899
205864,35843,1,T0,1,100,33.889
205963,35861,1,T0,1,100,33.921
206065,35879,1,T0,1,100,33.905
206165,35897,1,T0,1,100,33.905
206266,35915,1,T0,1,100,33.910
206317,35933,2,T0,1,100,33.905
206369,35933,2,T0,1,100,33.862
206469,35952,1,T0,1,100,33.910
206571,35970,1,T0,1,100,33.937
206670,35988,1,T0,1,100,33.878
206773,36006,1,T0,1,100,33.915
206872,36024,1,T0,1,100,33.926
206973,36042,1,T0,1,100,33.910
207076,36060,1,T0,1,100,33.942
207176,36079,1,T0,1,100,33.942
207277,36097,1,T0,1,100,33.948
207378,36115,1,T0,1,100,33.905
207478,36133,1,T0,1,100,33.905
207581,36151,1,T0,1,100,33.910
207681,36169,1,T0,1,100,33.974
207781,36187,1,T0,1,100,33.948
207884,36205,1,T0,1,100,33.921
207984,36224,1,T0,1,100,33.931
208084,36242,1,T0,1,100,33.910
208187,36260,1,T0,1,100,33.894
208286,36278,1,T0,1,100,33.910
208388,36296,1,T0,1,100,33.894
208488,36314,1,T0,1,100,33.926
208592,36332,1,T0,1,100,33.894
208691,36351,1,T0,1,100,33.915
208791,36369,1,T0,1,100,33.905
208894,36387,1,T0,1,100,33.931
208993,36405,1,T0,1,100,33.899
209095,36423,1,T0,1,100,33.953
209195,36441,1,T0,1,100,33.910
209296,36459,1,T0,1,100,33.915
209347,36478,2,T0,1,100,33.937
209399,36478,2,T0,1,100,33.910
209500,36496,1,T0,1,100,33.931
209600,36514,1,T0,1,100,33.953
209700,36532,1,T0,1,100,33.931
209803,36550,1,T0,1,100,33.931
209902,36568,1,T0,1,100,33.953
210004,36586,1,T0,1,100,33.894
210105,36604,1,T0,1,100,33.942
210207,36623,1,T0,1,100,33.926
210307,36641,1,T0,1,100,33.942
210407,36659,1,T0,1,100,33.942
210509,36677,1,T0,1,100,33.942
210609,36695,1,T0,1,100,33.958
210712,36713,1,T0,1,100,33.926
210813,36731,1,T0,1,100,33.942
210913,36750,1,T0,1,100,33.953
211013,36768,1,T0,1,100,33.937
211116,36786,1,T0,1,100,33.915
211216,36804,1,T0,1,100,33.953
211318,36822,1,T0,1,100,33.942
211417,36840,1,T0,1,100,33.931
211511,36861,2,T0,1,100,33.964
211605,36861,2,T0,1,100,33.953
